{
  "data": {
    "Field_1": "Test1",
    "Field_2": "Test2",
    "Name": {
      "first_name": "CST",
      "last_name": "Test"
    },
    "Address": {
      "address_line_1": "xxxxxxx",
      "address_line_2": "xxxxxx",
      "district_city": "xxxxx",
      "state_province": "xx xxx",
      "country": "xx",
      "postal_Code": "xxxxx"
    },
    "SubForm": [
      {
        "Sub_Field_1": "Sub Test 1",
        "Sub_Field_2": "Sub Test 2"
      },
      {
        "Sub_Field_1": "Sub Test 1",
        "Sub_Field_2": "Sub Test 2"
      }
    ]
  }
}


formData.data = {
  Date_field: '13-Oct-2021',
  Customer: '4229008000000069179',
  Salesperson: '4229008000000069191',
  Line_Items: [
    {
      Product: '4229008000000067005',
      Quantity: '1',
    },
    {
      Product: '4229008000000077017',
      Quantity: '2',
    },
  ],
};